customer_id,chat_log,channel,message,send_time,reasoning,issue_status
10026,"10026: Dear @ChaseSupport, it‚Äôs kinda hard to pay my bills when the entire payment section of your site is unavailable ü§¶üèª‚Äç‚ôÄÔ∏è
10026: @ChaseSupport Actually it just doesn‚Äôt work in Safari, but that‚Äôs still pretty bad.",email_reply,"Dear Customer ID 10026, We noticed your concern about the payment section of our site not working in Safari from your previous interaction. We apologize for any inconvenience this may have caused and would like to ensure your experience is smooth. Please reply to this email if you are still experiencing issues or have any further inquiries. We're here to help.",2025-07-02T07:13:55.340842+00:00,"An email reply is optimal due to the significant dormancy of the issue (over 67000 hours), indicating the problem may now be non-urgent or resolved. Reaching out via email respects the asynchronous nature of the customer's initial interaction on a public platform and offers a more direct and private communication channel. The general inquiry topic suggests the concern might have affected others, but since the customer followed up detailing a browser-specific problem, an email allows for tailored troubleshooting steps. Using this channel maintains professional courtesy and offers an opportunity for updated support resources should similar issues arise. The last interaction being from the customer underscores the importance of reaching out to confirm resolution and encourage further engagement if needed.",pending_customer_response
10103,"10103: @MOO Big thanks to Quentin for the exceptional service! Just ordered our 3rd round of #businesscards üëç
10103: The ribotRainbow! New #businesscards thanks to @moo üòä#rainbow #ourteamrocks https://t.co/nqMMUqYzKt https://t.co/gVtJDEoGFu",email_reply,"Dear Customer 10103, we hope you're still enjoying your RibotRainbow business cards! It's been a while since we've heard from you, so we wanted to check in. If there's anything else you need or any questions you have, feel free to let us know. We're here to help!",2025-07-02T07:13:59.764358+00:00,"The decision to send an email follows the rule-based logic that issues dormant for a significant time require a follow-up. Given the last interaction was positive, expressing satisfaction with Quentin's service and the business cards received, an email is an unobtrusive way to reconnect and show continued support. The informal and appreciative tone matches the customer's previous communications style, maintaining rapport and acknowledging the history. Since this is a 'general_inquiry' topic and there are no recent actions or expressed issues, an email serves as a gentle reminder of our availability and readiness to assist, ensuring we remain top-of-mind without being intrusive.",pending_customer_response
10221,"10221: Yup https://t.co/GpkFa9MfHQ
10221: same. https://t.co/gxkJt8BNV6",email_reply,"Dear valued customer (ID: 10221), we noticed it's been a while since your last inquiry. We hope everything is going well. If you have any questions or need assistance, feel free to reach out. We're here to help!",2025-07-02T07:14:03.009328+00:00,"The decision to follow up via email is driven by the lengthy period of dormancy (67072.6 hours) observed since the last customer interaction. Given the nature of past communications, which include brief messages that might indicate incomplete inquiries or unresolved issues, a direct email approach is prudent to reopen channels. The customer‚Äôs history suggests sporadic engagement via hyperlinks, possibly indicating a preference for concise, non-intrusive interactions. Therefore, the email serves as a timely reminder, enabling Riverline to re-establish contact in a non-demanding manner while providing a platform for the customer to express any lingering concerns or questions.",pending_customer_response
10286,"10286: @comcastcares Is it possible to get business class internet at a residence, and if so are there any restrictions/limitations?",email_reply,"Dear Customer ID 10286, we hope you're doing well! We noticed your inquiry about business class internet for residential use has not yet been addressed. We would like to assist you further. Please expect an email from us shortly with detailed information to guide you. Thank you for your patience and understanding.",2025-07-02T07:14:07.124777+00:00,"Given the conversation topic of 'general_inquiry', the interaction from Customer ID 10286 remained dormant for an extended period (66803.1 hours), suggesting a potential oversight in follow-up communication. To initiate re-engagement, an 'email_reply' is most appropriate, considering that the last interaction was initiated by the customer. Email ensures a timely and thorough response, suitable for addressing complex queries like internet service specifications, restrictions, or limitations. It's crucial to address such inquiries via a clear and formal channel after a prolonged delay to regain customer confidence and satisfaction. The choice respects the history of the interaction as emails can effectively handle detailed technical topics compared to other casual communication means.",pending_customer_response
10297,"10297: @Delta I will never fly your airline again
10297: @Delta I just sent you a DM",email_reply,"Dear Customer ID 10297, We noticed that your previous interaction regarding your experience with Delta was left unanswered for quite some time. We sincerely apologize for any inconvenience caused and would like to follow up via email to ensure your concerns are addressed promptly. Please let us know how we can assist.",2025-07-02T07:14:10.885807+00:00,"The rule-based decision to send an email reply is appropriate due to the dormant duration of the issue‚Äî67376.2 hours‚Äîand considering the last interaction was initiated by the customer. Email is a suitable channel for follow-up in this context as it's less intrusive and allows for detailed communication, ensuring that we acknowledge the previous sentiment expressed by the customer in interaction 1. Additionally, given the general inquiry nature of the conversation topic, email provides a structured platform for addressing any lingering issues or questions professionally. The long delay since the last interaction suggests a need for a formal and well-considered response, making email the optimal choice.",pending_customer_response
10298,10298: Wow. Used to think Apple maps were bad. Just took a 30 minute 10 mile @115879 ride to a destination that was two miles away. #walking would have been faster. #fail,email_reply,"Dear Customer ID 10298, we noticed your feedback regarding a previous journey with us. We apologize for any inconvenience and would like to ensure your future experiences are seamless. Please let us know if there's anything else we can assist you with.",2025-07-02T07:14:15.112943+00:00,"The decision to follow up via email is based on the extended time since the last interaction, which signifies the issue is dormant. The customer's initial message indicates dissatisfaction with a service experience, suggesting that an email reply allows us to re-engage and demonstrate our commitment to resolving concerns. The choice of email also respects the likely change in the customer's preferred communication method or lifestyle changes over the years since the interaction. Given the dormant nature of the issue and that the customer didn't reach out again shortly after their complaint, a non-intrusive, but formal channel like email is appropriate for re-establishing contact and offering assistance.",pending_customer_response
10304,"10304: My sweetie has been stranded in Honduras without his bags for FOUR DAYS. No wifi or cell. @AmericanAir a little help? #RuinedVacation
10304: @AmericanAir Just sent. He‚Äôs been without his scuba gear  for four days and has run out of his medication. Please help!
10304: @AmericanAir Thank you! The info provided isn‚Äôt new nor helpful. Can you get him his bag within 24 hrs? He needs his medications.  #RuinedVacation
10304: Ok, brain trust! My sweetie is in Honduras for a diving trip, but @AmericanAir has kept his bag w/his meds and gear in NY for 4 days. Ideas?
10304: @AmericanAir Thank you! When can we expect an update? Time is of the essence.
10304: @AmericanAir Thank you! When can we expect the next update?
10304: @AmericanAir Thank you! We have been hearing that exact thing for four days, however, so I‚Äôm sure you can understand why that answer isn‚Äôt satisfying.
10304: @AmericanAir If you could let us know specific steps you‚Äôre taking and the timeline for taking them, that would be far more helpful &amp; build more trust.
10304: @AmericanAir Any update? Five days and counting. Is the bag delayed or lost at this point? #RuinedVacation
10304: @AmericanAir Thank you! That update didn‚Äôt include any new info nor any plan to get more info. Would love to hear one or both of those. #RuinedVacation",scheduling_phone_call,"Dear Customer ID 10304, thank you for your patience regarding your situation in Honduras. We recognize the urgency and importance of retrieving your sweetie's bag containing his medications and scuba gear. To expedite resolution, we would like to schedule a phone call with you at your earliest convenience. Please let us know a suitable time for us to contact you directly.",2025-07-02T07:14:20.041037+00:00,"The decision to schedule a phone call is based on several factors from the conversation history. Firstly, the ongoing issue has resulted in ten interactions, indicating a high level of concern and dissatisfaction due to the lack of progress and detailed updates from American Airlines. Phone calls provide a more immediate and interactive method of communication, allowing us to directly address and possibly resolve the customer's concerns more efficiently than online correspondence. The customer's repeated requests for specific steps and timelines suggest a need for more personalized and detailed communication, which is best handled via direct conversation. Moreover, the urgency surrounding the need for medications further supports the immediacy of a phone call, as it offers an opportunity for real-time problem solving and reassurance.",escalated
10423,"10423: Every iOS 11 update has slowed my phone down. GYST @115858
10423: @AppleSupport thanks, sent you a DM",email_reply,"Hello, Customer ID 10423. We hope you're doing well! It has been a while since your last interaction with us regarding your iOS 11 update concerns back in 2017. We just wanted to follow up and see if there's anything further we can assist you with. Please feel free to reach out via this email if you have more questions or need assistance.",2025-07-02T07:14:24.561470+00:00,"The decision to initiate an email follow-up is based on the dormant status of the issue for over 67649.9 hours, indicating that the customer has not sought further engagement since expressing concerns about the iOS 11 update in 2017. The timing of this follow-up, via email, respects the historical mode of communication (as the last interaction was a DM after a tweet, indicating comfort with written correspondence) and provides a non-intrusive way for the customer to re-engage at their convenience. This channel was chosen because there has been a significant time lapse, and direct re-engagement on long-dormant issues is better initiated through less immediate, asynchronous communication means like email rather than potentially more disruptive channels such as phone calls or in-app notifications. Personalization within the message underscores a thoughtful approach, inviting re-engagement after a considerable period and demonstrating respect for the customer's past expressed concerns.",pending_customer_response
10424,"10424: @115877 My food was supposed to be delivered an hour ago. Still not here. Been on hold with your customer support for 10 minutes. No one answering. #HANGRY https://t.co/WsHSLxZIMJ
10424: @Uber_Support Done.",email_reply,"Dear Customer ID 10424, we noticed that your inquiry about the food delivery from several years ago wasn't further addressed. We‚Äôd like to follow up through email to ensure all issues are resolved. Please feel free to reach out if there are any current concerns. Thank you for your patience.",2025-07-02T07:14:27.979922+00:00,"The decision to send an email is based on the fact that the issue has been dormant for an extended period (66830.2 hours) and the last interaction was from the customer expressing dissatisfaction with the service. Using email as a channel allows us to reopen communication in a formal and non-intrusive manner, offering a chance to address any ongoing or related concerns. The historical context of a delayed food delivery indicates a need for reassurance and follow-up with tangible resolutions, where email is appropriate for recording and providing detailed responses. Furthermore, this approach is guided by the shift from an emotional customer state ('#HANGRY') needing immediate attention to a now dormant issue.",pending_customer_response
10449,10449: @hulu_support I'm not seeing any way to watch live tv at https://t.co/wqr3LoymJD with my free trial - only links to networks,email_reply,"Dear Customer ID 10449, we noticed your inquiry regarding watching live TV on a free trial hasn't been addressed. Please allow us to assist you via email. Feel free to reach out for any further questions.",2025-07-02T07:14:32.137079+00:00,"The email channel is chosen as the Next Best Action because the issue has been dormant for a significant time (67665.8 hours), indicating that usual communication channels like instant replies or phone may not be effective. The specific subject of the original inquiry, regarding live TV on a free trial, hints at a potentially unresolved support need. An email follow-up allows us to re-engage the customer thoughtfully, acknowledging their initial contact and ensuring they receive necessary support. The impersonal nature of the initial tweet suggests that a non-intrusive method like email is appropriate. This decision leverages the extended dormancy and the customer's previous method of contact to provide a respectful and directed follow-up, enhancing their experience and likelihood of issue resolution.",pending_customer_response
